0,0,0,0,0,0,0,0,0,0,0,0,0,0,0,0,0,0,0,0,0,0,0,0,0,0,0,0,0,0,0,0,0,0,0,0,0,0,0,0,0,0,0,0,0,0,0,0,0,0,0,0,0,0,0,0,0,0,0,0,0,0,0,0,0,0,0,0,0,0,0,0,0,0,0,0,0,0,0,0,0,0,0,0,0,0,0,0,0,0,0,0,0,0,0,0,0,0,0,0,0,0,0,0,0,0,0,0,0,0,0,0,0,0,0,0,0,0,0,0,0,0,0,0,0,0,0,0,0,0,0,0,0,0,0,0,0,0,0,0,0,0,0,0,0,0,0,0,0,0,0,0,0,0,0,0,0,0,0,0,0,0,0,0,0,0,0,0,0,0,0,0,0,0,0,0,0,0,0,0,0,0,0,0,0,0,0,0,0,0,0,0,0,0,0,0,0,0,06,06,06,06,06,0,0,0,0,0,0,0,0,0,0,0,0,0,0,0,0,0,0,0,0,0,0,0,0,0,0,0,0,0,0,0,0,0,0,0,0,0,0,0,0,0,0,0,0,0,0,0,0,0,0,0,0,0,0,0,0,0,0,0,0,0,0,0,0,0,0,0,0,0,0,0,0,0,0,0,0,
0,0,0,0,0,0,0,0,0,0,0,0,0,0,0,0,0,0,0,0,0,0,0,0,0,0,0,0,0,0,0,0,0,0,0,0,0,0,0,0,0,0,0,0,0,0,0,0,0,0,0,0,0,0,0,0,0,0,0,0,0,0,0,0,0,0,0,0,0,0,0,0,0,0,0,0,0,0,0,0,0,0,0,0,0,0,0,0,0,0,0,0,0,0,0,0,0,0,0,0,0,0,0,0,0,0,0,0,0,0,0,0,0,0,0,0,0,0,0,0,0,0,0,0,0,0,0,0,0,0,0,0,0,0,0,0,0,0,0,0,0,0,0,0,0,0,0,0,0,0,0,0,0,0,0,0,0,0,0,0,0,0,0,0,0,0,0,0,0,0,0,0,0,0,0,0,0,0,0,0,0,0,0,0,0,0,0,0,0,0,0,0,0,0,0,0,0,0,0,0,0,0,0,0,0,0,0,0,0,0,0,0,0,0,0,0,0,0,0,0,0,0,0,0,0,0,0,0,0,0,0,0,0,0,0,0,0,0,0,0,0,0,0,0,0,0,0,0,0,0,0,0,0,0,0,0,0,0,0,0,0,0,0,0,0,0,0,0,0,0,0,0,0,0,0,0,0,0,0,
0,0,0,0,0,0,0,0,0,0,0,0,0,0,0,0,0,0,0,0,0,0,0,0,0,0,0,0,0,0,0,0,0,0,0,0,0,0,0,0,0,0,0,0,0,0,0,0,0,0,0,0,0,0,0,0,0,0,0,0,0,0,0,0,0,0,0,0,0,0,0,0,0,0,0,0,0,0,0,0,0,0,0,0,0,0,0,0,0,0,0,0,0,0,0,0,0,0,0,0,0,0,0,0,0,0,0,0,0,0,0,0,0,0,0,0,0,0,0,0,0,0,0,0,0,0,0,0,0,0,0,0,0,0,0,0,0,0,0,0,0,0,0,0,0,0,0,0,0,0,0,0,0,0,0,0,0,0,0,0,0,0,0,0,0,0,0,0,0,0,0,0,0,0,0,0,0,0,0,0,0,0,0,0,0,0,0,0,0,0,0,0,0,0,0,0,0,0,0,0,0,0,0,0,0,0,0,0,0,0,0,0,0,0,0,0,0,0,0,0,0,0,0,0,0,0,0,0,0,0,0,0,0,0,0,0,0,0,0,0,0,0,0,0,0,0,0,0,0,0,0,0,0,0,0,0,0,0,0,0,0,0,0,0,0,0,0,0,0,0,0,0,0,0,0,0,0,0,0,
0,0,0,0,0,0,0,0,0,0,0,0,0,0,0,0,0,0,0,0,0,0,0,0,0,0,0,0,0,0,0,0,0,0,0,0,0,0,0,0,0,0,0,0,0,0,0,0,0,0,0,0,0,0,0,0,0,0,0,0,0,0,0,0,0,0,0,0,0,0,0,0,0,0,0,0,0,0,0,0,0,0,0,0,0,0,0,0,0,0,0,0,0,0,0,0,0,0,0,0,0,0,0,0,0,0,0,0,0,0,0,0,0,0,0,0,0,0,0,0,0,0,0,0,0,0,0,0,0,0,0,0,0,0,0,0,0,0,0,0,0,0,0,0,0,0,0,0,0,0,0,0,0,0,0,0,0,0,0,0,0,0,0,0,0,0,0,0,0,0,0,0,0,0,0,0,0,0,0,0,0,0,0,0,06,06,06,0,0,0,0,0,0,0,0,0,0,0,0,0,0,0,0,0,0,0,0,0,0,0,0,06,0,0,0,06,0,0,0,0,0,0,0,0,0,06,0,0,0,06,0,0,0,0,0,0,0,0,0,0,06,13,06,0,0,0,0,0,0,0,0,0,0,0,0,0,0,0,0,0,0,0,0,0,0,0,0,0,0,0,0,0,0,0,0,0,0,0,0,
0,0,0,0,0,0,0,0,0,0,0,0,0,0,0,0,0,0,0,0,0,0,0,0,0,0,0,0,0,0,0,0,0,0,0,0,0,0,0,0,0,0,0,0,0,0,0,0,0,0,0,0,06,06,06,06,0,0,0,0,0,0,0,0,0,0,0,0,0,0,0,0,0,0,0,0,0,0,0,0,0,0,0,0,0,0,0,0,0,0,0,0,0,0,0,0,06,06,06,0,0,0,0,0,0,0,0,0,0,0,0,0,0,0,0,0,0,0,0,0,0,0,0,0,0,0,0,0,0,0,0,0,0,0,0,0,0,0,0,0,0,0,0,0,0,0,0,0,0,0,0,0,0,0,0,0,0,06,06,06,06,06,06,06,06,06,06,06,0,0,0,0,0,0,0,0,0,0,0,0,0,0,0,0,06,06,06,0,0,0,0,0,0,0,0,0,0,0,0,0,0,0,0,0,0,0,0,0,0,0,0,0,06,06,06,0,0,0,0,0,0,0,0,0,0,0,06,06,06,0,0,0,0,0,0,0,0,0,0,0,0,06,0,0,0,0,0,0,0,0,0,0,0,0,0,0,0,0,0,0,0,0,0,0,0,0,0,0,0,0,0,0,0,0,0,0,0,0,0,
0,0,0,0,0,0,0,0,0,0,0,0,0,0,0,0,0,0,0,0,0,0,0,0,0,0,0,0,0,0,0,0,0,0,0,0,0,0,0,0,0,0,0,0,0,0,0,0,0,0,0,0,06,06,06,06,0,0,0,0,0,0,0,0,0,0,0,0,0,0,0,0,0,0,0,0,0,0,0,0,0,0,0,0,0,0,0,0,0,0,0,0,0,0,0,0,06,06,06,0,0,0,0,0,0,0,0,0,0,0,0,0,0,0,0,0,0,0,0,0,0,0,0,0,0,0,0,0,0,0,0,0,0,0,0,0,0,0,0,0,0,0,0,0,0,0,0,0,0,0,0,06,06,06,06,06,06,06,06,06,06,06,06,06,06,06,06,06,06,06,06,06,0,0,0,0,0,0,0,0,0,0,0,0,06,06,06,0,0,0,0,0,0,0,0,0,0,0,0,0,0,0,0,0,0,0,0,0,0,0,0,0,0,0,0,0,0,0,0,0,0,0,0,0,0,0,0,0,0,0,0,0,0,0,0,0,0,0,0,0,0,0,0,0,0,0,0,0,0,0,0,0,0,0,0,0,0,0,0,0,0,0,0,0,0,0,0,0,0,0,0,0,0,0,0,0,0,0,0,
0,0,0,0,0,0,0,0,0,0,0,0,0,0,0,0,0,0,0,0,0,0,0,0,0,0,0,0,0,0,0,0,0,0,0,0,0,0,0,0,0,0,0,0,0,0,0,0,0,0,0,0,06,06,06,06,0,0,0,0,0,0,0,0,0,0,0,0,0,0,0,0,0,0,0,0,0,0,0,0,0,0,0,0,0,0,0,0,0,0,0,0,0,0,0,0,06,06,06,0,0,0,0,0,0,0,0,0,0,0,0,0,0,0,0,0,0,0,0,0,0,0,0,0,0,0,0,0,0,0,0,0,0,0,0,0,0,0,0,0,0,0,0,0,0,0,0,0,0,0,0,0,0,0,0,0,0,0,0,0,0,0,0,0,0,0,06,06,0,0,0,0,0,0,0,0,0,0,0,0,0,0,0,0,0,0,0,0,0,0,0,0,0,0,0,0,0,0,06,06,06,06,06,0,0,0,0,0,0,0,0,0,0,0,0,0,0,0,0,0,0,0,0,0,0,0,0,0,0,0,0,0,0,0,0,0,0,0,0,0,0,0,0,0,0,0,0,0,0,0,0,0,0,0,0,0,0,0,0,0,0,0,0,0,0,0,0,0,0,0,0,0,0,0,0,0,0,0,0,
0,0,0,0,0,0,0,0,0,0,0,0,0,0,0,0,0,0,0,0,0,0,0,0,0,0,0,0,0,0,0,0,0,0,0,0,0,0,0,0,0,0,0,0,0,0,0,0,0,0,0,0,06,06,06,06,0,0,0,0,0,0,0,0,0,0,0,0,0,0,0,0,0,0,0,0,0,0,0,0,0,0,0,0,0,0,0,0,0,0,0,0,0,0,0,0,06,06,06,0,0,0,0,0,0,0,0,0,0,0,0,0,0,0,0,0,0,0,0,0,0,0,0,0,0,0,0,0,0,0,0,0,0,0,0,0,0,06,06,06,0,0,0,0,0,0,0,0,0,0,0,0,0,0,0,0,0,0,0,0,0,0,0,0,0,0,0,0,0,0,0,0,0,0,0,0,0,0,0,0,0,0,0,0,0,0,0,0,0,0,0,0,0,0,0,0,0,0,0,0,0,0,0,0,0,0,0,0,0,0,0,0,0,0,0,0,0,0,0,0,0,0,0,0,0,0,0,0,0,0,0,0,0,0,0,0,0,0,0,0,0,0,0,0,0,0,0,0,0,0,0,06,06,06,06,0,0,0,0,0,0,0,06,06,06,06,0,0,0,0,0,0,0,0,0,0,0,0,0,
0,0,0,0,0,0,0,0,0,0,0,0,0,0,0,0,0,0,0,0,0,0,0,0,0,0,0,0,0,0,0,0,0,0,0,0,0,0,0,0,0,0,0,0,0,0,0,0,0,0,0,0,06,06,06,06,0,0,0,0,0,0,0,0,0,0,0,0,0,0,0,0,0,0,0,0,0,0,0,0,0,0,0,0,0,0,0,0,0,0,0,0,0,0,0,13,06,06,06,0,0,0,0,0,0,0,0,0,0,0,0,0,0,0,0,0,0,0,0,0,0,0,0,0,0,0,0,0,0,0,0,0,0,0,0,0,0,0,0,0,0,0,0,0,0,0,0,0,0,0,0,0,0,0,0,0,0,0,0,0,0,0,0,0,0,0,0,0,0,0,0,0,0,0,0,0,0,0,0,0,0,0,0,0,0,0,0,0,0,0,0,0,0,0,0,0,0,0,0,0,0,0,0,0,0,0,0,0,0,0,0,0,0,0,0,0,0,0,0,0,0,0,0,0,0,0,0,0,0,0,0,0,0,0,0,0,0,0,0,0,0,0,0,0,0,0,0,0,0,0,0,0,0,0,0,0,0,0,0,0,0,0,0,0,0,0,0,0,0,0,0,0,0,0,0,0,0,0,0,
0,0,0,0,0,0,0,0,0,0,0,0,12,12,0,0,0,0,0,0,0,0,0,0,0,0,0,0,0,0,0,0,0,0,0,0,0,0,0,0,0,0,0,0,0,0,0,0,0,0,0,0,0,0,0,0,0,0,0,0,0,0,0,0,0,0,0,0,0,0,0,0,0,0,0,06,06,0,0,0,0,0,0,0,0,0,0,06,06,0,0,0,0,0,0,06,06,06,06,0,0,0,0,0,0,0,0,0,0,0,0,0,0,0,0,0,0,0,0,0,0,0,0,06,06,06,0,0,0,0,0,0,0,0,0,0,0,0,0,0,0,0,0,0,0,0,0,0,0,0,0,0,0,0,0,0,0,0,0,0,0,0,0,0,0,0,0,0,0,0,0,0,0,0,0,0,0,0,0,0,0,0,0,0,0,0,0,0,0,0,0,0,0,0,0,0,0,0,0,0,0,0,0,0,0,0,0,0,0,0,0,0,0,0,0,0,0,0,0,0,0,0,0,0,0,0,0,0,0,0,0,0,0,0,0,0,0,0,0,0,0,0,0,0,0,0,0,0,0,0,0,0,0,0,0,0,0,0,0,0,0,0,0,0,0,0,0,0,0,0,0,0,0,0,0,0,0,0,0,
0,0,0,0,0,0,0,0,0,0,0,0,0,0,0,0,0,0,0,0,0,0,0,0,0,0,0,0,0,0,0,0,0,0,0,0,0,0,0,0,0,0,0,0,0,0,0,0,0,0,0,0,0,0,0,0,0,0,0,0,0,0,0,0,0,0,0,0,0,0,0,0,0,06,06,06,06,0,0,0,0,0,0,0,0,0,0,06,06,0,0,0,0,0,0,0,0,0,0,0,0,0,0,0,0,0,0,0,0,0,0,0,0,0,0,0,0,0,0,0,0,0,0,0,0,0,0,0,0,0,0,0,0,0,0,0,0,0,0,0,0,0,0,0,0,0,0,0,0,0,0,0,0,0,0,0,0,0,0,0,0,0,0,0,0,0,0,0,0,0,0,0,0,0,0,0,0,0,0,0,0,0,0,0,0,0,0,0,0,0,0,0,0,0,0,0,0,0,0,0,0,0,0,0,0,0,0,0,0,0,0,0,0,0,0,0,0,0,0,0,0,0,0,0,0,0,0,0,0,0,0,0,0,0,0,0,0,0,0,0,0,0,0,0,0,0,0,0,0,0,0,0,0,0,0,0,0,0,0,0,0,0,0,0,0,0,0,0,0,0,0,0,0,0,0,0,0,0,0,
0,0,01,0,0,0,0,0,0,0,0,0,0,0,0,0,0,0,0,0,0,0,0,0,0,0,0,0,0,0,0,0,0,0,0,0,0,0,0,0,0,0,0,0,0,0,0,0,0,0,0,0,0,0,0,0,0,0,0,0,0,0,0,0,0,0,0,0,0,0,0,0,0,06,06,06,06,0,0,0,0,0,0,0,0,0,0,06,06,0,0,0,0,0,0,0,0,0,0,0,0,0,0,0,0,0,0,0,0,0,06,06,06,0,0,0,0,0,0,0,0,0,0,0,0,0,0,0,0,0,0,0,0,0,0,0,0,0,0,0,0,0,0,0,0,0,0,0,0,0,0,0,0,0,0,0,0,0,0,0,0,0,0,0,0,0,0,0,0,0,0,0,0,0,0,0,0,0,0,0,0,0,0,0,0,0,0,0,0,0,0,0,0,0,0,0,0,0,0,0,0,0,0,0,0,0,0,0,0,0,0,0,0,0,0,0,0,0,0,0,0,0,0,0,0,0,0,0,0,0,0,0,0,0,0,0,0,0,0,0,0,0,0,0,0,0,0,0,0,0,0,0,0,0,0,0,0,0,0,0,0,0,0,0,0,0,0,0,0,0,0,0,0,0,0,0,0,0,0,
0,0,0,0,0,0,0,0,0,0,0,0,0,0,0,0,0,0,0,0,0,0,0,0,0,0,0,0,0,0,0,0,0,0,0,0,0,0,0,0,0,0,0,0,0,0,0,0,0,06,06,06,06,06,06,06,06,06,06,06,06,06,06,16,0,0,0,0,0,0,0,0,0,06,06,06,06,06,06,0,0,0,0,0,0,0,0,06,06,0,0,0,0,0,0,0,0,0,0,0,0,0,0,0,0,0,0,0,06,06,06,06,06,0,0,0,0,0,0,0,0,0,0,0,0,0,0,0,0,0,0,0,0,0,0,0,0,0,0,0,0,0,0,0,0,0,0,0,0,0,0,0,0,0,0,0,0,0,0,0,0,0,0,0,0,0,0,0,0,0,0,0,0,0,0,0,0,0,0,0,0,0,0,0,0,0,0,0,0,0,0,0,0,0,0,0,0,0,0,0,0,0,0,0,0,0,0,0,0,0,0,0,0,0,0,0,0,0,0,0,0,0,0,0,0,0,0,0,0,0,0,0,0,0,0,0,0,0,0,0,0,0,0,0,0,0,0,0,0,0,0,0,0,0,0,0,0,0,0,0,0,0,0,0,0,0,0,0,0,0,0,0,0,0,0,0,0,0,0,
0,0,0,0,0,0,0,0,0,0,0,0,0,0,0,0,0,0,0,0,0,0,0,0,0,0,0,0,0,0,0,0,0,0,0,0,0,0,0,0,0,0,16,0,0,0,0,0,06,06,06,06,06,06,06,06,06,06,06,0,0,0,0,0,0,0,0,0,0,0,0,0,0,06,06,06,06,06,06,0,0,0,0,0,0,0,13,06,06,0,0,0,0,0,0,0,0,0,0,0,0,0,0,0,0,0,06,06,06,06,06,06,06,0,0,0,0,0,0,0,0,0,0,0,0,0,0,0,0,0,0,0,0,0,0,0,06,06,06,06,06,0,0,0,0,0,0,0,0,0,0,0,0,0,0,0,0,0,0,0,0,0,0,0,0,0,0,0,0,0,0,0,0,0,0,0,0,0,0,0,0,0,0,0,0,0,0,0,0,0,0,0,0,0,0,0,0,0,0,0,0,0,0,0,0,0,0,0,0,0,0,0,0,0,0,0,0,0,0,0,0,0,0,0,0,0,0,0,0,0,0,0,0,0,0,0,0,0,0,0,0,0,0,0,0,0,0,0,0,0,0,0,0,0,0,0,0,0,0,0,0,0,0,0,0,0,0,0,0,0,0,0,0,0,0,0,0,0,0,
06,06,06,06,06,06,06,06,06,0,0,0,13,13,0,0,0,0,0,0,0,0,0,0,0,0,0,0,0,0,0,0,0,0,0,0,0,0,0,06,06,06,06,06,06,06,06,06,06,06,06,06,06,06,06,06,06,06,06,0,0,0,0,0,0,0,0,0,0,0,0,0,0,06,06,06,06,06,06,06,06,06,06,06,06,06,06,06,06,06,06,06,06,06,06,06,06,06,06,06,06,06,06,06,06,06,06,06,06,06,06,06,06,0,0,0,0,0,0,0,0,0,0,0,0,0,0,0,0,0,0,0,0,0,0,0,0,0,0,0,0,0,0,0,0,0,0,0,0,0,0,0,0,0,0,0,0,0,0,0,0,0,0,0,0,0,0,0,0,0,0,0,0,0,0,0,0,0,0,0,0,0,0,0,0,0,0,0,0,0,0,0,0,0,0,0,0,0,0,0,0,0,0,0,0,0,0,0,0,0,0,0,0,0,0,0,0,0,0,0,0,0,0,0,0,0,0,0,0,0,0,0,0,0,0,0,0,0,0,0,0,0,0,0,0,0,0,0,0,0,0,06,06,06,06,0,0,0,0,0,0,0,06,06,06,06,0,0,0,0,0,0,0,0,0,0,0,0,0,
06,06,06,06,06,06,06,06,06,06,06,06,06,06,06,06,06,06,06,06,06,06,06,06,06,06,06,06,06,06,06,06,06,06,06,06,06,06,06,06,06,06,06,06,06,06,06,06,06,06,06,06,06,06,06,06,06,06,06,0,0,0,0,0,0,0,0,0,0,0,0,0,0,06,06,06,06,06,06,06,06,06,06,06,06,06,06,06,06,06,06,06,06,06,06,06,06,06,06,06,06,06,06,06,06,06,06,06,06,06,06,06,06,0,0,0,0,0,0,0,0,0,06,06,06,06,06,0,0,0,0,0,0,0,0,0,0,0,0,0,0,0,0,0,0,0,0,0,0,0,0,0,06,06,0,0,0,0,0,0,0,0,06,06,0,0,0,0,0,0,0,0,0,0,0,0,0,0,0,0,0,0,0,0,0,0,0,0,0,0,0,0,0,0,06,06,06,06,06,06,06,0,0,0,0,0,0,0,0,0,0,0,0,0,0,0,0,0,0,0,0,0,0,0,0,0,0,0,0,0,0,0,0,0,0,0,0,0,0,0,0,0,0,0,0,0,0,0,0,0,0,0,0,0,0,0,0,0,0,0,0,0,0,0,0,0,0,0,0,0,0,0,0,0,0,0,0,0,0,
06,06,06,06,06,06,06,06,06,06,06,06,0,0,0,0,0,0,0,0,0,0,0,0,0,0,0,0,0,0,0,0,0,0,0,0,0,0,0,06,06,06,06,06,06,06,06,06,06,06,06,06,06,06,06,06,06,06,06,06,06,06,06,06,06,06,06,06,06,06,06,06,06,06,06,06,06,06,06,06,06,06,06,04,04,06,06,06,06,06,06,06,06,06,06,06,06,06,06,06,06,06,06,06,06,06,06,06,06,06,06,06,0,0,0,0,0,0,0,0,0,0,0,0,0,0,0,0,0,0,0,0,0,0,0,0,0,0,0,0,0,0,0,0,0,0,0,0,0,0,06,06,06,06,0,0,0,0,0,0,0,0,06,06,0,0,0,0,0,0,0,0,0,0,0,0,0,0,0,0,0,0,0,0,0,0,0,0,0,0,0,0,0,0,06,06,06,06,06,06,06,0,0,0,0,0,0,0,0,0,0,0,0,0,0,0,0,0,0,0,0,0,0,0,0,0,0,0,0,0,0,0,0,0,0,0,0,0,0,0,0,0,0,0,0,0,0,0,0,0,0,0,0,0,0,0,0,0,0,0,0,0,0,0,0,0,0,0,0,0,0,0,0,0,0,0,0,0,0,
06,06,06,06,06,06,06,06,06,06,06,06,0,0,0,0,0,0,0,0,0,0,0,0,0,0,0,0,0,0,0,0,0,0,0,0,0,0,0,06,06,06,06,06,06,06,06,06,06,06,06,06,06,06,06,06,06,06,06,06,06,06,06,06,06,06,06,06,06,06,06,06,06,06,06,06,06,0,0,0,0,0,0,04,04,0,0,0,0,0,0,0,0,0,0,0,0,0,0,0,0,0,0,06,06,0,0,0,0,0,0,0,0,0,0,0,0,0,0,0,0,0,0,0,0,0,0,0,0,0,0,0,0,0,0,0,0,0,0,0,0,0,0,0,0,0,0,0,0,0,06,06,06,06,06,06,06,06,06,06,06,06,06,06,0,0,0,0,0,0,0,0,0,0,0,0,0,0,0,0,0,0,0,0,0,0,0,0,0,0,0,0,0,0,0,0,06,06,06,0,0,0,0,0,0,0,0,0,0,0,0,0,0,0,0,0,0,0,0,0,06,06,06,06,0,0,0,0,0,0,0,06,06,06,06,0,0,0,0,0,0,0,0,0,0,0,0,0,0,0,0,0,0,0,0,0,0,0,0,0,0,0,0,0,0,0,0,0,0,0,0,06,06,06,06,0,0,0,0,
0,0,0,0,0,0,0,0,0,0,06,06,0,0,0,0,0,0,0,0,0,0,0,0,0,0,0,0,0,0,0,0,0,0,0,0,0,0,0,0,0,0,0,0,0,0,0,0,0,0,0,0,0,0,0,0,0,0,0,0,0,0,0,0,0,0,06,06,0,0,0,0,0,0,0,0,0,0,0,0,0,0,0,04,04,0,0,0,0,0,0,0,0,0,0,0,0,0,0,0,0,0,0,06,06,0,0,0,0,0,0,0,0,0,0,0,0,0,0,0,0,0,0,0,0,0,0,0,0,0,0,0,0,0,0,0,0,0,0,0,0,0,0,0,0,0,0,0,0,0,06,06,06,06,04,04,04,04,04,04,04,04,06,06,06,06,06,0,0,0,0,0,0,06,06,06,06,06,06,06,06,06,06,0,0,0,0,0,0,0,0,0,0,0,0,0,0,0,0,0,0,0,0,0,0,0,0,0,0,0,0,0,0,0,0,0,0,0,0,0,0,0,0,0,0,0,0,0,0,0,0,0,0,0,0,0,0,0,0,0,0,0,0,0,0,0,0,0,0,0,0,0,0,0,0,0,0,0,0,0,0,0,0,0,0,0,0,0,0,0,0,06,06,0,0,0,0,0,0,
0,0,0,0,0,0,0,0,0,0,06,06,0,0,0,0,0,0,0,0,0,0,0,0,0,0,0,0,0,0,0,0,0,0,0,0,0,0,0,0,0,0,0,0,0,0,0,0,0,0,0,0,0,0,0,0,0,0,0,0,0,0,0,0,0,0,06,06,0,0,0,0,0,0,0,0,0,0,0,0,0,0,0,04,04,0,0,0,0,0,0,0,0,0,0,0,0,0,0,0,0,0,0,06,06,0,0,0,0,0,06,06,0,0,0,0,0,0,0,0,0,0,0,0,0,0,0,0,0,0,0,0,0,0,0,0,0,0,0,0,0,0,0,0,0,0,0,0,0,0,0,0,0,06,06,06,06,06,06,06,06,06,06,06,06,06,06,06,06,06,06,06,06,06,0,0,0,0,06,06,06,06,06,0,0,0,0,0,0,0,0,0,0,0,0,0,0,0,0,0,0,0,0,0,0,0,0,0,0,0,0,0,0,0,0,0,0,0,0,0,0,0,0,0,0,0,0,0,0,0,0,0,0,0,0,0,0,0,0,0,0,0,0,06,06,06,06,0,0,0,0,0,0,0,0,0,0,0,0,0,0,0,0,0,0,0,0,0,0,0,0,06,06,0,0,0,0,0,0,
0,0,0,0,0,0,0,0,0,0,06,06,0,0,0,0,0,0,0,0,0,0,0,0,0,0,0,0,0,0,0,0,0,0,0,0,0,0,0,0,0,0,0,0,0,0,0,0,0,0,0,0,0,0,0,0,0,0,0,0,0,0,0,0,0,0,06,06,0,0,0,0,0,0,0,0,0,0,0,0,0,0,0,04,04,0,0,0,0,0,0,0,0,0,0,0,0,0,0,0,06,06,06,06,06,06,06,06,06,06,06,06,06,0,0,0,0,0,0,0,0,0,0,0,0,0,0,0,0,0,0,0,0,0,0,0,0,0,0,0,0,0,0,0,0,0,0,0,0,0,0,0,0,06,06,06,06,06,06,06,06,06,06,06,06,06,06,06,06,06,06,06,06,0,0,0,0,0,0,0,0,0,0,0,0,0,0,0,0,0,0,0,0,0,06,06,06,06,06,06,06,06,06,06,06,06,06,06,06,06,06,06,0,0,0,0,0,0,0,0,0,0,0,0,0,0,0,0,0,0,0,0,0,0,0,0,0,0,0,0,0,0,0,0,0,0,0,0,0,0,0,0,0,0,0,0,0,0,0,0,0,0,0,0,0,0,0,0,0,0,0,06,06,0,0,0,0,0,0,
0,0,0,0,0,0,0,0,0,0,06,06,0,0,0,0,0,0,0,0,0,0,0,0,0,0,0,0,0,0,0,0,0,0,0,0,0,0,0,0,0,0,0,0,0,0,0,0,0,0,0,0,0,0,0,0,0,0,0,0,0,0,0,0,0,0,06,06,0,0,0,0,0,0,0,0,0,0,0,0,0,0,0,04,04,0,0,0,0,0,0,0,0,0,0,0,0,0,0,06,06,06,06,06,06,06,06,06,06,06,06,06,0,0,0,0,0,0,0,0,0,0,0,0,0,0,0,0,0,0,0,0,0,0,0,0,0,0,0,0,0,0,0,0,0,0,0,0,0,0,0,0,0,0,0,0,0,0,0,0,0,0,0,0,0,0,0,0,0,0,0,0,0,0,0,0,0,0,0,0,0,0,0,0,0,0,0,0,0,0,0,0,0,0,06,06,06,06,06,06,06,06,06,0,0,0,0,0,0,0,06,06,0,0,0,0,0,0,0,0,0,0,0,0,0,0,0,0,0,0,0,0,0,0,0,0,0,0,0,0,0,0,0,0,0,0,0,0,0,0,0,0,0,0,0,0,06,06,0,0,0,0,0,0,0,0,0,0,06,06,06,06,06,0,0,0,0,0,0,
0,0,0,0,0,0,0,0,0,0,06,06,0,0,0,0,0,0,0,0,0,0,0,0,0,0,0,0,0,0,0,0,0,0,0,0,0,0,0,0,0,0,0,0,0,0,0,0,0,0,0,0,0,0,0,0,0,0,0,0,0,06,06,0,0,0,06,06,0,0,0,0,0,0,0,0,0,0,0,0,0,0,0,04,04,0,0,0,0,0,0,0,0,0,0,0,0,0,0,06,06,0,0,0,0,0,0,0,0,0,06,06,0,0,0,0,0,0,0,0,0,0,0,0,0,0,0,0,0,0,0,0,0,0,0,0,0,0,0,0,0,0,0,0,0,0,0,0,0,0,0,0,0,0,0,0,0,0,0,0,0,0,0,0,0,0,0,0,0,0,0,0,0,0,0,0,0,0,0,0,0,0,0,0,0,0,0,0,0,0,0,0,0,0,06,06,06,06,0,0,0,0,0,0,0,0,0,0,0,0,06,06,0,0,0,0,0,0,0,0,0,0,0,0,0,0,0,0,0,0,0,0,0,0,0,0,0,0,0,0,0,0,0,0,0,0,0,0,0,0,0,0,0,0,0,0,06,06,0,0,0,0,0,0,0,0,0,0,0,0,0,06,06,0,0,0,0,0,0,
0,0,0,0,0,0,0,0,0,0,06,06,0,0,0,0,0,0,0,0,0,0,0,0,0,0,0,0,0,0,06,06,06,06,06,06,06,06,0,0,0,0,0,0,0,0,0,0,0,02,02,02,0,0,0,0,0,0,0,0,0,06,06,0,0,0,06,06,0,0,0,0,0,0,06,06,06,0,0,0,0,06,06,04,04,0,0,0,0,0,0,0,0,0,06,06,0,0,0,06,06,0,0,0,0,0,0,0,0,0,06,06,0,0,0,0,0,0,0,0,0,0,0,0,0,0,0,0,0,0,0,0,0,0,0,0,0,0,0,0,0,0,0,0,0,0,0,0,0,0,0,0,0,0,0,0,0,0,0,0,0,0,0,0,0,0,0,0,0,0,0,0,0,0,0,0,0,0,0,0,0,0,0,0,0,0,0,0,0,0,0,0,0,06,06,06,06,0,0,0,0,0,0,0,0,0,0,0,0,0,06,06,0,0,0,0,0,0,0,0,0,0,0,0,0,0,0,0,0,0,0,0,0,0,0,0,0,0,0,0,0,0,0,0,0,0,0,0,0,0,0,0,0,0,0,0,06,06,0,0,0,0,0,0,0,0,0,0,0,0,0,06,06,0,0,0,0,0,0,
0,0,0,0,0,0,0,0,0,0,06,06,0,0,0,0,0,0,0,0,0,0,0,0,0,0,0,0,0,0,0,0,0,0,0,0,0,0,0,0,0,0,0,0,0,0,0,0,0,0,0,0,0,0,0,0,0,0,0,0,0,06,06,0,0,0,0,0,0,0,0,0,0,0,06,06,06,0,0,0,0,06,06,04,04,0,0,0,0,0,0,0,0,0,06,06,0,0,0,06,06,0,0,0,0,0,0,0,0,0,06,06,0,0,0,0,0,0,0,0,0,0,0,0,0,0,0,0,0,0,0,0,0,0,0,0,0,0,0,0,0,0,0,0,0,0,0,0,0,0,0,0,0,0,0,0,0,0,0,0,0,0,0,0,0,0,0,0,0,0,0,0,0,0,0,0,0,0,0,0,0,0,0,0,0,0,0,0,0,0,0,0,0,06,06,06,0,0,0,0,0,0,0,0,0,0,0,06,06,06,06,06,0,0,0,0,0,0,0,0,06,06,06,06,0,0,0,0,0,0,0,06,06,06,06,0,0,0,0,0,0,0,0,0,0,0,0,0,0,0,0,0,0,0,0,0,06,06,06,06,06,06,0,0,0,0,0,0,0,0,0,06,06,06,0,0,0,0,0,
0,0,0,0,0,0,0,0,0,0,06,06,0,0,0,0,0,0,0,0,06,06,0,0,0,0,0,0,0,0,0,0,0,0,0,0,0,0,0,0,0,0,0,0,0,0,0,0,0,0,0,0,0,0,0,0,0,0,0,0,0,06,06,0,0,0,0,0,0,0,0,0,0,0,06,06,06,0,0,0,0,06,06,04,04,06,0,0,0,0,0,0,0,0,06,06,0,0,0,06,06,0,0,0,0,0,0,0,0,0,06,06,0,0,0,0,0,0,0,0,0,0,0,0,0,0,0,0,0,0,0,0,0,0,0,0,0,0,0,0,0,0,0,0,0,0,0,0,0,0,0,0,0,0,0,0,0,0,0,0,0,0,0,0,0,0,0,0,0,0,0,0,0,0,0,0,0,0,0,0,0,0,0,0,0,0,0,0,0,0,0,0,0,06,06,06,0,0,0,0,0,0,0,0,0,06,06,06,06,06,06,0,0,0,0,0,0,0,0,0,0,0,0,0,0,0,0,0,0,0,0,0,0,0,0,0,0,0,0,0,0,0,0,0,0,0,0,0,0,0,0,0,0,0,0,0,06,06,0,0,0,0,0,0,0,0,0,0,0,0,0,06,06,0,0,0,0,0,0,
0,0,0,0,0,0,0,0,0,0,06,06,0,0,0,0,0,0,0,0,06,06,06,06,06,06,0,0,0,0,0,0,0,0,0,0,0,0,0,0,0,0,0,0,0,0,0,0,0,0,0,0,0,0,0,0,0,0,0,0,0,06,06,0,0,0,0,0,0,0,0,0,0,0,06,06,06,0,0,0,0,06,06,04,04,06,06,0,0,0,0,0,0,0,06,06,0,0,0,06,06,0,0,0,0,0,0,0,0,0,06,06,0,0,0,0,0,0,0,0,0,0,0,0,0,0,0,0,0,0,0,0,0,0,0,0,0,0,0,0,0,0,0,0,0,0,0,0,0,0,0,0,0,0,0,0,0,0,0,0,0,0,0,0,0,0,0,0,0,0,0,0,0,0,0,0,0,0,0,0,0,0,0,0,0,0,0,0,0,0,0,0,06,06,06,06,0,0,0,0,0,0,0,0,0,06,06,06,06,0,0,0,0,0,0,0,0,0,0,0,0,0,0,0,0,0,0,0,0,0,0,0,0,0,0,0,0,0,0,0,0,0,0,0,0,0,0,0,0,0,0,0,0,0,0,0,06,06,0,0,0,0,0,0,0,0,0,0,0,0,0,06,06,0,0,0,0,0,0,
0,0,0,0,0,0,0,0,0,0,06,06,0,0,0,0,0,0,0,0,06,06,06,06,06,06,06,0,0,0,0,0,0,0,0,0,0,0,0,0,0,0,0,0,0,0,0,0,0,0,0,0,0,0,0,0,0,0,0,0,0,06,06,0,0,0,0,0,0,0,0,0,0,0,0,0,0,0,0,0,0,0,06,06,06,06,06,0,0,0,0,0,0,0,06,06,0,0,0,06,06,0,0,0,0,0,0,0,0,0,06,06,0,0,0,0,0,0,0,0,0,0,0,0,0,0,0,0,0,0,0,0,0,0,0,0,0,0,0,0,0,0,0,0,0,0,0,0,0,0,0,0,0,0,0,0,0,0,0,0,0,0,0,0,0,0,0,0,0,0,0,0,0,0,0,0,0,0,0,0,0,0,0,0,0,0,0,0,0,0,0,0,0,06,06,06,0,0,0,0,0,0,0,0,0,0,0,0,0,0,0,0,0,0,0,0,0,0,0,0,0,0,0,0,0,0,0,0,0,0,0,0,0,0,0,0,0,0,0,0,0,0,0,0,0,0,0,0,0,0,0,0,0,0,0,0,0,06,06,06,06,0,0,0,0,0,0,0,06,06,06,06,06,0,0,0,0,0,0,
0,0,0,0,0,0,0,0,0,0,06,06,0,0,0,0,0,0,0,0,0,0,06,06,06,06,06,06,0,0,0,0,0,0,0,0,0,0,0,0,0,0,0,0,0,0,0,0,0,0,0,0,0,0,0,0,0,0,0,0,0,0,0,0,0,0,0,0,0,0,0,0,0,0,0,0,0,0,0,0,0,0,0,06,06,06,06,0,0,0,0,0,0,0,06,06,0,0,0,06,06,0,0,0,06,06,06,0,0,0,06,06,0,0,0,0,0,0,0,0,0,0,0,0,0,0,0,0,0,0,0,0,0,0,0,0,0,0,0,0,0,0,0,0,0,0,0,0,0,0,0,0,0,0,0,0,0,0,0,0,0,0,0,0,0,0,0,0,0,0,0,0,0,0,0,0,0,0,0,0,0,0,0,0,0,0,0,0,0,0,0,0,0,0,0,0,0,0,0,0,0,06,06,0,0,0,0,0,0,0,0,0,0,0,0,0,0,0,0,0,0,0,0,0,0,0,0,0,0,0,0,0,0,0,0,0,0,0,0,0,0,0,0,0,0,0,0,0,0,0,0,0,0,0,0,0,0,0,0,0,0,0,0,0,0,0,0,0,0,0,0,06,06,0,0,0,0,0,0,
0,0,0,0,0,0,0,0,0,0,06,06,0,0,0,0,0,0,0,0,0,0,0,06,06,06,06,06,06,06,06,06,06,06,06,06,06,06,06,06,0,0,0,0,0,0,0,0,0,0,0,0,0,0,0,0,0,0,0,0,0,0,0,0,0,0,0,0,0,0,0,0,0,0,0,0,0,0,0,0,0,0,0,0,0,0,0,0,0,0,0,0,0,0,06,06,0,0,0,0,0,0,0,0,06,06,06,0,0,0,06,06,0,0,0,0,0,0,0,0,0,0,0,0,0,0,0,0,0,0,0,0,0,0,0,0,0,0,0,0,0,0,0,0,0,0,0,0,0,0,0,0,0,0,0,0,0,0,0,0,0,0,0,0,0,0,0,0,0,0,0,0,0,0,0,0,0,0,0,0,0,0,0,0,0,0,0,0,0,0,0,0,0,0,0,0,0,0,0,0,0,06,06,06,06,06,06,06,0,0,0,0,0,0,0,0,0,0,0,0,0,0,0,0,0,0,0,0,0,0,0,0,0,0,0,0,0,0,0,0,0,0,0,0,0,0,0,0,0,0,0,0,0,0,0,0,0,0,0,0,0,0,0,0,0,0,0,0,0,0,0,06,06,0,0,0,0,0,0,
0,0,0,0,0,0,0,0,0,0,06,06,0,0,0,0,0,0,0,0,0,0,0,0,0,0,0,0,0,0,0,0,0,0,0,0,0,0,06,06,06,06,0,0,0,0,0,0,0,0,0,0,0,0,0,0,0,0,0,0,0,0,0,0,0,0,0,0,0,0,0,0,0,0,0,0,06,06,06,06,0,0,0,0,0,0,0,0,0,0,0,0,0,0,06,06,0,0,0,0,0,0,0,0,06,06,06,0,0,0,06,06,0,0,0,0,0,0,0,0,0,0,0,0,0,0,0,0,0,0,0,0,0,0,0,0,0,0,0,0,0,0,0,0,0,0,0,0,0,0,0,0,0,0,0,0,0,0,0,0,0,0,0,0,0,0,0,0,0,0,0,0,0,0,0,0,0,0,0,0,0,0,0,0,0,0,0,0,0,0,06,06,06,06,06,06,06,06,06,06,06,06,06,06,06,0,0,0,06,0,0,0,0,0,0,0,0,0,0,0,0,0,0,0,0,0,0,0,0,0,0,0,0,0,0,0,0,0,0,0,0,0,0,06,06,06,0,0,0,0,0,0,0,06,06,06,06,06,06,06,06,06,06,06,06,06,06,06,06,06,06,06,06,0,0,0,0,0,06,
0,0,0,0,0,0,0,0,0,0,06,06,0,0,0,0,0,0,0,0,0,0,0,0,0,0,0,0,0,0,0,0,0,0,0,0,0,0,06,06,06,06,06,06,0,0,0,0,0,0,0,0,0,0,0,0,0,0,0,0,0,0,0,0,0,0,0,0,0,0,0,0,0,0,0,0,06,06,06,06,06,06,06,06,06,06,06,06,06,06,06,06,06,06,06,06,13,0,0,0,0,0,0,0,06,06,06,0,0,0,06,06,0,0,0,0,0,0,0,0,0,0,0,0,0,0,0,0,0,06,06,06,06,06,06,06,06,06,06,06,06,06,06,0,0,0,0,0,0,0,0,0,0,0,0,0,0,0,0,0,06,06,06,06,06,0,0,0,0,0,0,0,0,0,0,0,0,0,0,0,0,0,0,0,0,0,0,0,0,0,06,06,06,06,06,06,06,06,06,06,06,06,06,06,06,0,0,0,0,06,0,0,0,0,0,0,0,0,06,06,06,06,0,0,0,0,0,0,0,06,06,06,06,0,0,0,0,0,0,0,0,0,0,06,06,06,0,0,0,0,0,0,0,06,06,06,06,0,0,0,0,0,0,0,0,0,0,0,0,0,0,0,0,0,0,0,0,0,0,
0,0,0,0,0,0,0,0,0,0,06,06,06,06,0,0,0,0,0,0,0,0,0,0,0,0,0,0,0,0,0,0,0,0,0,0,0,0,06,06,06,06,06,06,06,06,0,0,0,0,0,0,0,0,0,0,0,0,0,0,06,06,06,06,06,0,0,0,06,06,06,06,06,06,06,06,06,06,06,0,0,0,0,0,0,0,0,0,0,0,0,0,0,0,06,06,06,06,06,06,06,06,06,06,06,06,06,0,0,0,06,06,06,06,06,06,06,06,06,06,06,06,06,06,06,06,06,06,06,06,06,06,06,06,06,06,06,06,06,06,06,06,06,06,06,06,06,06,06,06,06,0,0,0,0,0,0,0,0,0,06,06,06,06,06,0,0,0,0,0,0,0,0,0,06,06,06,06,06,06,06,0,0,0,0,0,0,0,0,0,06,06,06,06,06,06,06,06,06,06,06,06,06,06,06,06,06,06,06,06,06,06,16,0,0,0,0,0,0,0,0,0,0,0,0,0,0,0,0,0,0,0,0,0,0,0,0,0,0,0,0,0,0,06,06,06,06,06,06,06,06,06,06,06,06,0,0,0,0,0,0,0,0,0,0,0,0,0,0,0,0,0,0,0,0,0,0,0,0,
0,0,0,0,0,0,0,0,0,0,06,06,06,06,0,0,0,0,0,0,0,0,0,0,0,0,0,0,0,0,0,0,0,0,0,0,0,0,06,06,06,06,06,06,06,06,06,06,06,0,0,0,0,0,0,0,0,0,06,06,06,0,0,0,06,06,06,06,06,0,0,0,0,0,0,0,0,0,0,0,0,0,0,0,0,0,0,0,0,0,0,0,0,0,06,06,0,0,0,0,0,0,0,0,06,06,06,0,0,0,06,06,06,06,06,06,06,06,06,06,06,06,06,06,06,06,06,06,06,06,06,06,06,06,06,06,06,06,06,06,06,06,06,06,06,06,06,06,06,06,06,0,0,0,0,0,0,0,0,0,06,06,06,06,06,0,0,0,0,0,0,0,0,0,06,06,06,06,06,06,06,0,0,0,0,0,0,0,0,0,06,06,06,06,06,06,06,06,04,04,04,04,04,04,04,04,04,04,04,04,04,04,04,04,04,04,04,04,04,04,04,04,04,04,04,04,04,04,04,04,04,04,04,04,04,04,04,04,04,04,04,04,04,06,06,06,0,0,0,0,0,0,0,0,0,0,0,0,0,0,0,0,0,0,0,0,0,0,0,0,0,0,0,0,0,0,0,0,0,
0,0,0,0,0,0,0,0,0,0,06,06,06,06,06,06,0,0,0,0,0,0,0,0,0,0,0,0,0,0,0,0,0,0,0,0,0,0,0,06,06,0,0,03,0,0,06,06,06,06,06,06,06,06,06,06,06,06,06,06,0,0,0,0,0,0,0,0,0,0,0,0,0,0,0,0,0,0,0,0,0,0,0,0,0,0,0,0,0,0,0,0,0,0,06,06,0,0,0,06,06,0,0,0,06,06,06,13,0,0,0,0,0,0,0,0,0,0,0,0,0,06,06,0,0,0,0,0,0,0,0,0,0,0,0,0,0,0,0,0,0,0,0,0,0,0,0,0,0,06,06,04,04,04,04,04,04,04,04,04,04,04,04,04,04,04,04,04,04,04,04,04,04,04,04,04,04,04,04,04,04,04,04,04,04,04,04,04,04,04,04,04,04,04,04,04,04,04,04,04,04,04,04,04,04,04,04,04,04,04,04,04,04,04,04,04,04,04,04,04,04,04,04,04,04,04,04,04,04,04,04,04,04,04,04,04,04,04,04,04,04,04,04,06,06,06,0,0,0,0,0,0,0,0,0,0,0,0,0,0,0,0,0,0,0,0,0,0,0,0,0,0,0,0,0,0,0,0,0,
0,0,0,0,0,0,0,0,0,0,0,06,06,06,06,06,0,0,0,0,0,0,0,0,0,0,0,0,0,0,0,0,0,0,0,0,0,0,0,0,0,0,0,0,0,0,06,06,06,0,0,0,0,0,0,0,0,0,0,0,0,0,0,0,0,0,0,0,0,0,0,0,0,0,0,0,0,0,0,0,0,0,0,0,0,0,0,0,0,0,0,0,0,0,06,06,0,0,0,06,06,0,0,0,06,06,0,0,0,0,0,0,0,0,0,0,0,0,0,0,0,06,06,0,0,0,0,0,0,0,0,0,0,0,0,0,0,0,0,0,0,0,0,0,0,0,0,0,0,06,06,06,06,06,06,06,06,06,06,06,06,06,06,06,06,06,06,06,06,06,06,06,06,06,06,06,04,04,04,04,04,04,04,04,04,04,04,04,04,04,04,04,04,04,04,04,04,04,04,04,04,04,04,04,04,04,04,04,04,04,04,04,04,04,04,04,04,04,04,04,04,04,04,04,04,04,04,04,04,04,04,04,04,04,04,04,04,04,04,06,06,06,06,06,06,06,0,0,0,0,0,0,0,0,0,0,0,0,0,0,0,0,0,0,0,0,0,0,0,0,0,0,0,0,0,0,0,0,0,
0,0,0,0,0,0,0,0,0,0,0,0,06,06,06,06,06,06,0,0,0,0,0,0,0,0,0,0,0,0,0,0,0,0,0,0,0,06,0,0,0,0,06,06,06,06,06,06,06,0,0,0,0,0,0,0,0,0,0,0,0,0,0,0,0,06,06,0,0,0,0,0,0,0,0,0,0,0,0,0,0,0,06,06,06,06,0,0,0,0,0,0,0,0,06,06,0,0,0,06,06,0,0,0,06,06,0,0,0,0,0,0,0,0,0,0,0,0,0,0,0,06,06,0,0,0,0,0,0,0,0,0,0,0,0,0,0,0,0,0,0,0,0,0,0,0,0,0,0,06,06,06,06,06,06,06,06,06,06,06,06,06,06,06,06,06,06,06,06,06,06,06,06,06,06,06,06,06,06,06,06,06,04,04,04,04,04,04,04,04,04,06,06,06,06,06,06,06,06,06,06,06,06,06,06,06,06,06,06,06,06,06,06,06,06,06,06,06,06,06,06,06,06,06,06,06,06,04,04,06,06,06,06,06,06,06,06,06,06,06,06,06,06,06,0,0,0,0,0,0,0,0,0,0,0,0,0,0,0,0,0,0,0,0,0,0,0,0,0,0,0,0,0,0,0,0,0,0,0,
0,0,0,0,0,0,0,0,0,0,0,0,0,06,06,06,06,06,0,0,0,0,0,0,0,0,0,0,0,0,0,0,0,0,0,0,0,06,06,06,06,06,06,06,06,06,06,06,06,0,0,0,0,0,0,0,0,0,0,0,0,0,0,0,0,06,06,0,0,0,0,06,06,0,0,0,0,0,0,0,03,0,06,06,06,06,0,0,0,06,06,0,0,0,06,06,0,0,0,06,06,0,0,0,06,06,0,0,0,0,0,06,06,02,02,02,06,06,0,0,0,06,06,0,0,0,0,0,0,0,0,0,0,0,0,0,0,0,0,0,0,0,0,0,0,0,0,0,0,0,0,0,0,0,0,0,0,0,0,0,0,0,0,0,0,0,0,0,0,0,0,0,0,0,06,06,06,06,06,06,06,06,06,06,06,06,06,06,06,06,06,06,06,06,06,06,06,06,06,06,06,06,06,06,06,06,06,06,06,06,06,06,06,06,06,06,06,06,06,06,06,06,06,06,06,06,06,04,04,06,06,06,06,06,06,06,06,06,06,06,06,06,06,06,0,03,0,0,0,0,0,0,0,0,0,0,0,0,0,0,0,0,0,0,0,0,0,0,0,0,0,0,0,0,0,0,0,0,0,
0,0,0,0,0,0,0,0,0,0,0,0,0,0,06,06,06,06,06,06,06,06,06,06,06,0,0,0,0,0,0,0,0,0,0,0,0,0,0,0,0,0,0,0,0,0,0,06,06,0,0,0,06,06,0,0,0,0,0,0,0,0,0,0,0,0,0,0,0,0,0,06,06,0,0,0,0,06,06,0,0,0,06,06,06,06,0,0,0,06,06,0,0,0,06,06,0,0,0,06,06,0,0,0,06,06,0,13,0,0,0,06,06,0,0,0,06,06,0,0,0,06,06,0,0,0,0,0,0,0,0,0,0,0,0,0,0,0,0,0,0,0,0,0,0,0,0,0,0,0,0,0,0,0,0,0,0,0,0,0,0,0,0,0,0,0,0,0,0,0,0,0,0,0,0,0,0,0,0,0,0,06,06,06,06,06,06,06,06,06,06,06,0,0,0,0,0,0,0,0,0,0,0,0,0,0,0,0,0,0,0,0,0,0,0,0,0,0,0,0,0,0,0,0,0,0,0,04,04,06,06,0,0,0,0,0,0,0,0,0,0,0,0,0,0,0,0,0,0,0,0,0,0,0,0,0,0,0,0,0,0,0,0,0,0,0,0,0,0,0,0,0,0,0,0,0,0,0,0,
0,0,0,0,0,0,0,0,0,0,0,0,0,0,0,06,06,06,06,06,0,0,0,0,0,0,0,0,0,0,0,0,0,0,0,0,0,0,0,0,0,0,0,0,0,0,0,0,0,0,0,0,06,06,0,0,0,0,0,0,0,0,0,0,0,0,0,0,0,0,0,06,06,0,0,0,0,06,06,0,0,0,06,06,06,06,0,0,0,06,06,0,0,0,06,06,0,0,0,06,06,0,0,0,0,0,0,0,0,0,0,06,06,0,0,0,06,06,0,0,0,06,06,0,0,0,0,0,0,0,0,0,0,0,0,0,0,0,0,0,0,0,0,0,0,0,0,0,0,0,0,0,0,0,0,0,0,0,0,0,0,0,0,0,0,0,0,0,0,0,0,0,0,0,0,0,0,0,0,0,0,0,0,0,0,0,0,0,0,0,0,0,0,0,0,0,0,0,0,0,0,0,0,0,0,0,0,0,0,0,0,0,0,0,0,0,0,0,0,0,0,0,0,0,0,0,0,04,04,06,06,0,0,0,0,0,0,0,0,0,0,0,0,0,0,0,0,0,0,0,0,0,0,0,0,0,0,0,0,0,0,0,0,0,0,0,0,0,0,0,0,0,0,0,0,0,0,0,06,
0,0,0,0,0,0,0,0,0,0,0,0,0,0,0,0,06,06,06,06,06,06,0,0,0,0,0,0,0,0,0,0,0,0,0,0,0,0,0,0,0,0,0,0,0,0,0,0,0,0,0,0,06,06,06,06,06,0,0,0,0,0,0,0,0,0,0,0,0,0,0,0,0,0,0,0,0,06,06,0,0,0,06,06,06,06,0,0,0,06,06,0,0,0,06,06,0,0,0,06,06,0,0,0,0,0,0,0,0,0,0,06,06,0,0,0,06,06,0,0,0,06,06,0,0,0,0,0,0,0,0,0,0,0,0,0,0,0,0,0,0,0,0,0,0,0,0,0,0,0,0,0,0,0,0,0,0,0,0,0,0,0,0,0,0,0,0,0,0,0,0,0,0,0,0,0,0,0,0,0,0,0,0,0,0,0,0,0,0,0,0,0,0,0,0,0,0,0,0,0,0,0,0,0,0,0,0,0,0,0,0,0,0,0,0,0,0,0,0,0,0,0,0,0,0,0,0,04,04,06,06,0,0,0,0,0,0,0,0,0,0,0,0,0,0,0,0,0,0,0,0,0,0,0,0,0,0,0,0,0,0,0,0,0,0,0,0,0,0,0,0,06,06,06,06,06,06,06,06,
0,0,0,0,0,0,0,0,0,0,0,0,0,0,0,0,0,06,06,06,06,06,06,06,06,06,06,06,0,0,0,0,0,0,0,0,0,0,0,0,02,02,02,0,0,0,0,0,0,0,0,0,0,0,0,0,0,0,0,0,0,0,0,0,0,0,0,0,0,0,0,0,0,0,0,0,0,06,06,0,0,0,06,06,06,06,0,0,0,06,06,06,0,0,06,06,0,0,0,0,0,0,0,0,0,0,0,0,0,0,0,06,0,0,0,0,06,06,0,0,0,06,06,0,0,0,0,0,0,0,0,0,0,0,0,0,0,0,0,0,0,0,0,0,0,0,0,0,0,0,0,0,0,0,0,0,0,0,0,0,0,0,0,0,0,0,0,0,0,0,0,0,0,0,0,0,0,0,0,0,0,0,0,0,0,0,0,0,0,0,0,0,0,0,0,0,0,0,0,0,0,0,0,0,0,0,0,0,0,0,0,0,0,0,0,0,0,0,0,0,0,0,0,0,0,0,0,04,04,06,06,0,0,0,0,0,0,0,0,0,0,0,0,0,0,0,0,0,0,0,0,0,0,0,0,0,0,0,0,0,0,0,0,0,0,0,0,0,0,0,0,0,0,0,0,0,0,06,06,
0,0,0,0,0,0,0,0,0,0,0,0,0,0,0,0,0,0,0,0,06,06,0,0,0,0,0,0,0,0,0,0,0,0,0,0,0,0,0,0,0,0,0,0,0,0,0,0,0,0,0,0,0,0,0,0,0,0,0,0,0,0,0,0,0,0,0,0,0,0,0,0,0,0,02,02,02,06,06,0,0,0,06,06,06,06,0,0,0,06,06,06,0,0,06,06,0,0,0,0,0,0,0,0,0,0,0,13,0,0,0,06,0,0,0,0,0,0,0,0,0,0,0,0,0,0,0,0,0,0,0,0,0,0,0,0,0,0,0,0,0,0,0,0,0,0,0,0,0,0,0,0,0,0,0,0,0,0,0,0,0,0,0,0,0,0,0,0,0,0,0,0,0,0,0,0,0,0,0,0,0,0,0,0,0,0,0,0,0,0,0,0,0,0,0,0,0,0,0,0,0,0,0,0,0,0,0,0,0,0,0,0,0,0,0,0,0,0,0,0,0,0,0,0,0,0,0,04,04,0,0,0,0,0,0,0,0,0,0,0,0,0,0,0,0,0,0,0,0,0,0,0,0,0,0,0,0,0,0,0,0,0,0,0,0,0,0,0,0,0,0,0,0,0,0,0,0,06,06,
0,0,0,0,0,0,0,0,0,0,0,0,0,0,0,0,0,0,0,0,06,06,0,0,0,0,0,0,0,0,0,0,0,0,0,0,0,0,0,0,0,0,0,0,0,0,0,0,0,0,0,0,0,0,0,0,0,0,0,0,0,0,0,0,0,0,0,0,0,0,0,0,0,0,0,0,0,06,06,0,0,0,0,0,0,0,0,0,0,06,06,06,0,0,06,06,06,06,06,06,06,06,06,06,06,06,06,06,06,06,06,06,0,0,0,0,0,0,0,0,0,0,0,0,0,06,06,06,06,06,02,02,06,06,06,06,06,02,02,02,02,0,0,0,0,0,0,0,0,0,0,0,0,0,0,0,0,0,0,0,0,0,0,0,0,0,0,0,0,0,0,0,0,0,0,0,0,0,0,0,0,0,0,0,0,0,0,0,0,0,0,0,0,0,0,0,0,0,0,0,0,0,0,0,0,0,0,0,0,0,0,0,0,02,02,02,0,0,0,0,0,0,0,0,0,0,0,04,04,0,0,0,0,0,0,0,0,0,0,0,0,0,0,0,0,0,0,0,0,0,0,0,0,0,0,0,0,0,0,0,0,0,0,0,0,0,0,0,0,0,0,0,0,0,0,0,06,06,0,
0,0,0,0,0,0,0,0,0,0,0,0,0,0,0,0,0,0,0,0,06,06,0,0,0,0,0,0,0,0,0,0,0,0,0,02,02,02,0,0,0,0,0,0,0,0,0,0,0,0,0,0,0,0,0,0,0,0,0,0,0,0,0,0,0,0,0,0,0,0,0,0,0,0,0,0,0,06,06,0,0,0,0,0,0,0,0,0,0,0,06,06,0,0,0,0,0,0,0,0,0,0,0,0,0,0,0,0,0,0,0,06,0,0,0,06,06,06,06,06,06,06,06,06,06,06,06,0,0,0,0,0,0,0,0,0,0,0,0,0,0,0,0,0,0,0,0,0,0,0,0,0,0,0,0,0,0,0,0,0,0,06,06,06,06,06,06,06,06,06,06,06,06,06,0,0,0,0,0,0,0,0,0,0,0,0,0,0,0,0,0,0,0,0,0,0,0,0,0,0,0,0,0,0,0,0,0,0,0,0,0,0,0,0,0,0,0,0,0,0,0,0,0,0,0,0,0,04,04,06,06,0,0,0,0,0,0,0,0,0,0,0,0,0,0,0,0,0,0,0,0,0,0,0,0,0,0,0,0,0,0,0,0,0,0,0,0,0,0,0,0,0,0,0,0,0,06,06,0,
0,0,0,0,0,0,0,0,0,0,0,0,0,0,0,0,0,0,0,0,06,06,0,0,0,0,0,0,0,0,0,0,0,0,0,0,0,0,0,0,0,0,0,0,0,0,0,0,0,0,0,0,0,0,0,0,0,0,0,0,0,02,02,02,0,0,0,0,0,0,0,0,0,0,0,0,0,06,06,0,0,0,0,0,0,0,0,0,0,0,06,06,0,0,0,0,0,0,0,0,0,0,0,0,0,0,0,0,0,0,0,06,0,0,0,0,0,0,0,0,0,0,0,0,0,06,06,0,0,0,0,0,0,0,0,0,0,0,0,0,0,0,0,0,0,0,0,0,0,0,0,0,0,0,0,0,0,0,0,0,0,0,0,0,0,0,0,0,0,0,0,0,0,0,0,0,0,0,0,0,0,0,0,0,0,0,0,0,0,0,0,0,0,0,0,0,0,0,0,0,0,0,0,0,0,0,0,0,0,0,0,0,0,0,0,0,0,0,0,0,0,0,0,0,0,0,0,04,04,06,06,0,0,0,0,0,0,0,0,0,0,0,0,0,0,0,0,0,0,0,0,0,0,0,0,0,0,0,0,0,0,0,0,0,0,0,0,0,0,0,0,0,0,0,0,0,06,06,0,
0,0,0,0,0,0,0,0,0,0,0,0,0,0,0,0,0,0,0,0,06,06,0,0,0,0,0,0,0,0,0,0,0,0,0,0,0,0,0,0,06,06,0,0,0,0,0,0,0,0,0,0,0,0,0,0,0,0,0,0,0,0,0,0,0,0,0,0,0,0,0,0,0,0,0,0,0,0,06,0,0,0,06,06,06,06,06,0,0,0,06,06,0,0,0,0,0,0,0,0,0,0,0,0,0,0,0,0,0,0,0,06,0,0,0,0,0,0,0,0,0,0,0,0,0,0,0,0,0,0,0,0,0,0,0,0,0,0,0,0,0,0,0,0,0,0,0,0,02,02,02,02,0,0,0,0,0,0,0,0,0,0,0,0,0,0,0,0,0,0,0,0,0,0,0,0,0,0,0,0,0,0,0,0,0,0,0,0,0,0,0,0,0,0,0,0,0,0,0,0,0,0,0,0,0,0,0,0,0,0,0,0,0,0,0,0,0,0,0,0,0,0,0,06,06,06,06,04,04,06,06,0,0,0,0,0,0,0,0,0,0,0,0,0,0,0,0,0,0,0,0,0,0,0,0,0,0,0,0,0,0,0,0,0,0,0,0,0,0,0,0,0,0,0,0,0,06,06,0,
0,0,0,0,0,0,0,0,0,0,0,0,0,0,0,0,0,0,0,0,06,06,0,0,0,0,0,0,0,0,0,0,0,0,0,0,0,0,0,0,06,06,0,0,0,0,0,0,0,0,0,0,0,0,0,0,0,0,0,0,0,0,0,0,0,0,0,0,0,0,0,0,0,0,0,0,0,0,0,0,0,0,06,06,06,06,06,0,0,0,06,06,0,0,0,0,0,0,0,0,0,0,0,0,0,0,0,0,0,0,0,06,06,06,0,0,0,0,0,0,0,0,0,0,0,0,0,0,0,0,0,0,0,0,0,0,0,0,0,0,0,0,0,0,0,0,0,0,0,0,0,0,0,0,0,0,0,0,0,0,0,0,0,0,0,0,0,0,0,0,0,0,0,0,0,0,0,0,0,0,0,0,0,06,06,06,06,02,02,02,06,06,06,06,0,0,0,0,0,0,0,0,02,02,02,0,0,0,0,0,0,0,0,0,0,0,0,0,0,0,0,0,0,0,0,06,06,04,04,06,06,0,0,0,0,0,0,0,0,0,0,0,0,0,0,0,0,0,0,0,0,0,0,0,0,0,0,0,0,0,0,0,0,0,0,0,0,0,0,0,0,0,0,0,0,0,06,06,0,
0,0,0,0,0,0,0,0,0,0,0,0,0,0,0,0,0,0,0,0,06,06,0,0,0,0,0,0,0,0,0,0,0,0,0,0,0,0,0,0,06,06,0,0,0,06,06,06,06,06,06,0,0,0,0,0,0,0,0,0,0,0,0,0,0,0,0,0,0,0,0,0,0,0,0,0,0,0,0,0,0,0,0,0,0,06,06,0,0,0,06,06,06,06,06,06,0,0,0,0,0,0,0,0,0,0,0,0,0,0,0,06,06,0,0,0,0,0,0,0,0,0,0,0,0,0,0,0,0,0,0,0,0,0,0,0,0,0,0,0,0,0,0,0,0,0,0,0,0,0,0,0,0,0,0,0,0,0,0,0,0,0,0,0,0,0,0,0,0,0,0,0,0,0,0,0,0,0,0,0,0,0,0,0,0,0,0,0,0,0,0,0,0,0,0,0,0,0,0,0,0,0,0,0,0,0,0,0,0,0,0,0,0,0,0,0,0,0,0,0,0,0,0,0,0,06,06,04,04,06,06,0,0,0,0,0,0,0,0,0,0,0,0,0,0,0,0,0,0,0,0,0,0,0,0,0,0,0,0,0,0,0,0,0,0,0,0,0,0,0,0,0,0,0,0,0,06,06,0,
0,0,0,0,0,0,0,0,0,0,0,0,0,0,0,0,0,0,0,0,06,06,0,0,0,0,0,0,0,0,0,0,0,0,0,0,0,0,0,0,06,06,0,0,0,06,06,06,06,06,06,06,0,0,0,0,0,0,0,0,0,0,0,0,0,0,0,0,0,0,0,0,0,0,0,0,0,0,0,0,0,0,0,0,0,06,06,0,0,0,06,06,06,06,06,06,0,0,0,0,0,0,0,0,0,0,0,0,0,0,0,06,06,0,0,0,0,0,06,06,06,0,0,0,0,0,0,0,0,0,0,0,0,0,0,0,0,0,0,0,0,0,0,0,0,0,0,0,0,0,0,0,0,0,0,0,0,0,0,0,0,0,0,0,0,0,0,0,0,0,0,0,0,0,0,0,0,0,0,0,0,0,0,0,0,0,0,0,0,0,0,0,0,0,0,0,0,0,0,0,0,0,0,0,0,0,0,0,0,0,0,0,0,02,02,02,0,0,0,0,0,0,0,0,0,06,06,06,06,06,06,0,0,0,0,0,0,0,0,0,0,0,0,0,0,0,0,0,0,0,0,0,0,0,0,0,0,0,0,0,0,0,0,0,0,0,0,0,0,0,0,0,0,0,0,0,06,06,0,
0,0,0,0,0,0,0,0,0,0,0,0,0,0,0,0,0,0,0,0,06,06,0,0,0,0,0,0,0,0,0,0,0,0,0,0,0,0,0,0,06,06,0,0,0,06,06,06,06,06,06,06,06,0,0,0,0,0,0,0,0,0,0,0,0,0,0,0,0,0,0,06,06,0,0,0,06,06,06,0,0,0,0,0,0,0,0,0,0,0,06,06,06,06,06,06,0,0,0,0,0,0,0,0,0,0,0,0,0,0,0,06,06,0,0,0,0,0,0,0,0,0,0,0,0,0,0,0,0,0,0,0,0,0,0,0,0,0,0,0,0,0,0,0,0,0,0,0,0,0,0,0,0,0,0,0,0,0,0,0,0,0,0,0,0,0,0,0,0,0,0,0,0,0,0,02,02,02,0,0,0,0,0,0,0,0,0,0,0,0,0,0,0,0,0,0,0,0,0,0,0,0,0,0,0,0,0,0,0,0,0,0,0,0,0,0,0,0,0,0,0,0,0,0,0,0,0,0,0,0,0,0,0,0,0,0,0,0,0,0,0,0,0,0,0,0,0,0,0,0,0,0,0,0,0,0,0,0,0,0,0,0,0,0,0,0,0,0,0,0,0,0,0,0,0,0,06,06,0,
0,0,0,0,0,0,0,0,0,0,0,0,0,0,0,0,0,0,0,0,06,06,0,0,0,0,0,0,0,0,0,0,0,0,0,0,0,0,0,0,06,06,0,0,0,06,06,06,06,06,06,06,06,06,0,0,0,0,0,0,0,0,0,0,0,0,0,0,0,0,0,06,06,0,0,0,06,06,06,0,0,0,0,0,0,0,0,0,0,0,0,0,0,06,06,06,0,0,0,0,0,0,0,0,0,0,0,0,0,0,0,06,06,06,06,0,0,0,0,0,0,0,0,0,0,0,0,0,0,0,0,0,0,0,0,0,0,0,0,0,0,0,0,0,0,0,0,0,0,0,0,0,0,0,0,0,0,0,0,0,0,0,0,0,0,0,0,0,0,0,0,0,0,0,0,0,0,0,0,0,0,0,0,0,0,0,0,0,0,0,0,0,0,0,0,0,0,0,0,0,0,0,0,0,0,0,0,0,0,0,0,0,0,0,0,0,0,0,0,0,0,0,0,0,0,0,0,0,0,0,0,0,0,0,0,0,0,0,0,0,0,0,0,0,0,0,0,0,0,0,0,0,0,0,0,0,0,0,0,0,0,0,0,0,0,0,0,0,0,0,0,0,0,0,0,0,06,06,0,
0,0,0,0,0,0,0,0,0,0,0,0,0,0,0,0,0,0,0,0,06,06,0,0,0,0,0,0,0,0,0,0,0,0,0,0,0,0,0,0,06,06,0,0,0,06,06,06,06,06,06,06,06,06,06,0,0,0,0,0,0,0,0,0,0,0,0,0,0,0,0,06,06,0,0,0,06,06,06,0,0,0,0,0,0,0,0,0,0,0,0,0,0,06,06,06,0,0,0,0,0,0,0,0,0,0,0,0,0,0,0,06,06,0,0,0,0,0,0,0,0,0,0,0,0,0,0,0,0,0,0,0,0,0,0,0,0,0,0,0,0,0,0,0,0,0,0,0,0,0,0,0,0,0,0,0,0,0,0,0,0,0,0,0,0,0,0,0,02,02,02,0,0,0,0,0,0,0,0,0,0,0,0,0,0,0,0,0,0,0,02,02,02,0,0,0,0,0,0,0,0,0,0,0,0,0,0,0,0,0,0,0,0,0,0,0,0,0,0,06,06,06,06,06,06,06,06,06,06,06,06,06,06,0,0,0,0,0,0,0,0,0,0,0,0,0,0,0,0,0,0,0,0,0,0,0,0,0,0,0,0,0,0,0,0,0,0,0,0,0,0,0,0,0,0,0,0,0,0,
0,0,0,0,0,0,0,0,0,0,0,0,0,0,0,0,0,0,0,0,06,06,0,0,0,0,0,0,0,0,0,0,0,0,0,0,0,0,0,0,0,0,0,0,0,06,06,06,0,0,0,0,0,06,06,06,0,0,0,0,0,0,0,0,0,0,0,0,0,0,0,06,06,0,0,0,06,06,06,06,06,06,06,06,06,06,06,06,06,06,06,06,06,06,06,06,0,0,0,0,0,0,0,0,0,0,0,0,0,0,0,06,06,0,0,0,0,0,06,06,06,0,0,0,0,0,0,0,0,06,06,06,06,0,0,0,0,0,0,0,0,06,06,06,06,0,0,0,0,0,0,0,0,0,0,0,0,0,0,0,0,0,0,0,0,0,0,0,0,0,0,0,0,0,0,0,0,0,0,0,0,0,0,0,0,0,0,0,0,0,0,0,0,0,0,0,0,0,0,0,0,0,0,0,0,0,0,0,0,0,0,0,0,0,0,0,0,0,0,06,06,0,0,0,0,0,0,0,0,0,0,06,06,0,0,0,0,0,0,0,0,0,0,0,0,0,0,0,0,0,0,0,0,0,0,0,0,0,0,0,0,0,0,0,0,0,0,0,0,0,0,0,0,0,0,0,0,0,0,
0,0,0,0,0,0,0,0,0,0,0,0,0,0,0,0,0,0,0,0,06,06,0,0,0,0,0,0,0,0,0,0,0,0,0,0,0,0,0,0,0,0,0,0,0,06,06,06,0,0,0,0,0,0,06,06,06,0,0,0,0,0,0,0,0,0,0,0,0,0,0,06,06,0,0,0,06,06,06,0,0,0,0,0,0,0,0,0,0,0,0,0,0,06,06,06,0,0,0,0,0,06,06,0,0,06,06,0,0,0,0,06,06,0,0,0,0,0,0,0,0,0,0,0,0,0,0,0,0,0,0,0,0,0,0,0,0,0,0,0,0,0,0,0,0,0,0,0,0,0,0,0,0,0,0,0,06,06,06,06,06,0,0,0,0,0,0,0,0,0,0,0,0,0,0,0,0,0,0,0,0,0,0,0,0,0,0,0,0,0,0,0,0,0,0,0,0,0,0,0,0,0,0,0,0,0,0,0,0,0,0,0,0,0,0,0,0,0,0,06,06,0,0,0,0,0,0,0,0,0,0,06,06,0,0,0,0,0,0,0,0,0,0,0,0,0,0,0,0,0,0,0,0,0,0,0,0,0,0,0,0,0,0,0,0,0,0,0,0,0,0,0,0,0,0,0,06,06,0,
0,0,0,0,0,0,0,0,0,0,0,0,0,0,0,0,0,0,0,0,06,06,06,06,06,06,06,06,06,06,06,06,06,06,06,06,06,06,06,06,06,06,06,06,06,06,06,06,0,0,0,0,0,0,0,06,06,06,0,0,0,0,0,0,0,0,0,0,0,0,0,06,06,0,0,0,06,06,06,0,0,0,0,0,0,0,0,0,0,0,0,0,0,06,06,06,0,0,0,0,0,0,06,06,06,06,0,0,0,0,0,06,06,06,06,0,0,0,0,0,0,0,0,0,0,0,0,0,0,0,0,0,0,0,0,0,0,0,0,0,0,0,0,0,0,0,0,0,0,0,0,0,0,0,06,06,06,06,06,06,06,06,06,06,06,0,0,0,0,0,0,0,0,0,0,0,0,0,0,0,0,0,0,0,0,0,0,0,0,0,0,0,0,0,0,0,02,02,02,0,0,0,0,0,0,0,0,0,0,0,0,0,0,0,0,0,0,06,06,06,06,0,0,0,0,0,0,0,0,0,0,06,06,06,06,0,0,0,0,0,0,0,0,0,0,0,0,0,0,0,0,0,0,0,0,0,0,0,0,0,0,0,0,0,0,0,0,0,0,0,0,0,0,0,0,0,06,06,0,
0,0,0,0,0,0,0,0,0,0,0,0,0,0,0,0,0,0,0,0,06,06,06,06,06,06,06,06,06,06,06,06,06,06,06,06,06,06,06,06,06,06,06,06,06,06,06,06,0,0,0,0,0,0,0,0,06,06,06,0,0,0,0,0,0,0,0,0,0,0,0,0,0,0,0,0,06,06,06,0,0,0,0,0,0,0,0,0,0,0,0,0,0,06,06,06,0,0,0,0,0,0,0,06,06,0,0,0,0,0,0,06,06,0,0,0,0,0,0,0,0,0,0,0,0,0,0,0,0,0,0,0,0,0,0,0,0,0,0,0,0,0,0,0,0,0,0,0,0,0,0,0,0,0,0,0,06,06,06,06,06,06,06,06,06,06,06,06,0,0,0,0,0,0,0,0,0,0,0,0,0,0,0,0,0,0,0,0,0,0,0,0,0,0,0,0,0,0,0,0,0,0,0,0,0,0,0,0,0,0,0,0,0,0,0,0,0,06,06,06,0,0,0,0,0,0,0,0,0,0,0,0,06,06,06,0,0,0,0,0,0,0,0,0,0,0,0,0,0,0,0,0,0,0,0,0,0,06,06,0,0,0,0,0,0,0,0,0,0,0,0,06,06,06,06,06,06,06,06,
0,0,0,0,0,0,0,0,0,0,0,0,0,0,0,0,0,0,0,0,0,0,0,0,0,0,0,0,0,0,0,0,0,0,0,0,0,0,0,0,0,0,0,0,0,0,0,0,0,0,0,0,0,0,0,0,0,06,06,06,0,0,0,0,0,0,0,0,0,0,0,0,0,0,0,0,06,06,06,0,0,0,0,0,0,0,0,0,0,0,0,0,0,06,06,06,0,0,0,0,0,0,06,06,06,06,0,0,0,0,0,06,06,0,0,0,0,0,06,06,06,0,0,0,0,0,0,0,0,0,0,0,0,0,0,0,0,0,0,0,0,0,0,0,0,0,0,0,0,0,0,0,0,0,0,0,0,0,0,0,0,0,0,0,0,06,06,06,02,02,02,02,06,06,0,0,0,0,0,0,0,0,0,0,0,0,0,0,0,0,0,0,0,0,0,0,0,0,0,0,0,0,0,0,0,0,0,0,0,0,0,0,0,0,0,0,0,0,0,0,0,0,0,0,0,0,0,0,0,0,0,0,0,0,0,0,0,0,0,0,0,0,0,0,0,0,0,0,0,0,0,0,0,0,0,0,06,06,06,06,06,06,06,06,06,06,06,0,0,06,06,06,06,06,06,06,06,06,06,
0,0,0,0,0,0,0,0,0,0,0,0,0,0,0,0,0,0,0,0,0,0,0,0,0,0,0,0,0,0,0,0,0,0,0,0,0,0,0,0,0,0,0,0,0,0,0,0,0,0,0,0,0,0,0,0,0,0,06,06,0,0,0,0,0,0,0,0,0,0,0,0,0,0,0,13,06,06,06,0,0,0,0,0,0,0,0,0,0,0,0,0,0,06,06,06,0,0,0,0,0,06,06,0,0,06,06,0,0,0,0,06,06,06,06,06,06,06,06,06,06,0,0,0,0,0,0,0,0,0,0,0,0,0,0,0,0,0,0,0,0,0,0,02,02,02,0,0,0,0,0,0,0,0,0,0,0,0,0,0,0,0,0,0,0,0,0,0,0,0,0,0,06,06,0,0,0,0,0,0,0,06,06,06,02,02,02,06,06,06,0,0,0,0,0,0,0,06,06,06,06,06,06,06,06,0,0,0,06,06,06,0,0,0,0,0,0,0,0,0,0,0,0,0,06,06,06,06,0,0,0,0,0,0,0,0,0,0,0,0,0,0,0,0,0,0,0,0,0,0,0,0,0,0,0,06,06,06,06,0,0,0,0,0,0,0,0,0,0,0,0,0,0,06,06,06,06,06,06,
0,0,0,0,0,0,0,0,0,0,0,0,0,0,0,0,0,0,0,0,0,0,0,0,0,0,0,0,0,0,0,0,0,0,0,0,0,0,0,0,0,0,0,0,0,0,0,0,0,0,0,0,0,0,0,0,0,0,0,06,06,06,06,06,06,06,06,06,06,06,06,06,06,06,06,06,06,06,06,0,0,0,0,0,0,0,0,0,0,0,0,0,0,06,06,06,0,0,0,0,0,0,0,0,0,0,0,0,0,0,0,06,06,06,06,06,06,06,06,06,06,06,06,06,0,0,0,0,0,0,0,0,02,02,02,0,0,0,0,0,0,0,0,0,0,0,0,0,0,0,0,0,0,0,0,0,0,0,0,0,06,06,0,0,0,0,0,0,0,03,0,0,06,06,0,0,0,06,06,06,06,06,0,0,0,0,0,0,0,06,06,06,06,06,06,06,06,06,0,0,06,06,0,0,06,02,02,02,06,06,06,06,06,06,06,06,06,06,06,06,06,06,06,06,06,06,06,06,06,06,06,06,06,06,06,06,06,06,06,06,06,0,0,06,06,06,06,0,0,0,0,0,0,0,0,06,06,06,06,0,0,0,0,0,0,0,0,0,0,0,0,0,0,0,0,0,0,0,06,
0,0,0,0,0,0,0,0,0,0,0,0,0,0,0,0,0,0,0,0,0,0,0,0,0,0,0,0,0,0,0,0,0,0,0,0,0,0,0,0,0,0,0,0,0,0,0,0,0,0,0,0,0,0,0,0,0,0,0,0,0,0,0,0,0,0,0,0,0,0,0,0,0,0,0,0,0,0,0,0,0,0,0,0,0,0,0,0,0,0,0,0,0,0,06,06,0,0,0,0,0,0,0,0,0,0,0,0,0,0,0,06,06,06,06,06,06,06,06,06,06,06,06,06,0,0,0,0,0,0,0,0,0,0,0,0,0,0,0,0,0,0,0,0,0,0,0,0,0,0,0,0,02,02,02,0,0,0,0,0,06,06,06,0,0,0,0,0,0,0,0,0,06,06,06,06,06,06,0,0,0,0,0,0,0,0,0,0,0,0,0,0,0,0,0,0,0,0,0,0,06,06,0,0,0,0,0,0,0,0,06,06,06,06,06,06,06,06,06,06,06,06,06,06,06,06,06,06,06,06,06,06,06,06,06,06,06,0,0,0,0,0,0,0,0,0,06,06,06,06,0,0,06,06,06,06,06,06,0,0,0,0,0,0,0,0,0,0,0,0,0,0,0,0,0,0,0,0,0,
0,0,0,0,0,0,0,0,0,0,0,0,0,0,0,0,0,0,0,0,0,0,0,0,0,0,0,0,0,0,0,0,0,0,0,0,0,0,0,0,0,0,0,0,0,0,0,0,0,0,0,0,0,0,0,0,0,0,0,0,0,0,0,0,0,0,0,0,0,0,0,0,0,0,0,0,0,0,0,0,0,0,0,0,0,0,0,0,0,0,0,0,0,0,0,06,06,06,06,06,06,06,06,06,06,06,06,06,06,06,06,06,06,06,06,04,04,04,04,04,04,04,04,04,04,04,04,04,04,04,04,04,04,04,04,04,04,04,04,04,04,04,04,04,04,04,04,04,04,04,04,04,04,04,04,04,04,04,04,04,04,04,06,06,06,04,04,04,04,04,04,04,04,04,04,04,04,04,04,04,04,04,04,04,04,04,04,04,04,04,04,04,04,04,04,04,04,04,04,04,04,04,04,04,04,04,04,04,04,04,04,04,04,04,04,04,04,04,04,04,04,04,04,04,04,04,04,04,04,04,04,04,04,04,04,04,04,04,04,04,04,04,04,04,04,04,04,04,04,04,04,04,04,04,04,04,04,04,04,04,04,04,04,04,04,04,04,04,04,04,04,04,04,04,04,04,04,04,04,
0,0,0,0,0,0,0,0,0,0,0,0,0,0,0,0,0,0,0,0,0,0,0,0,0,0,0,0,0,0,0,0,0,0,0,0,0,0,0,0,0,0,0,0,0,0,0,0,0,0,0,0,0,0,0,0,0,0,0,0,0,0,0,0,0,0,0,0,0,0,0,0,0,0,0,0,0,0,0,0,0,0,0,0,0,0,0,0,0,0,0,0,0,0,0,0,0,0,0,0,0,0,0,0,0,0,0,0,0,0,0,0,0,0,06,04,04,04,04,04,04,04,04,04,04,04,04,04,04,04,04,04,04,04,04,04,04,04,04,04,04,04,04,04,04,04,04,04,04,04,04,04,04,04,04,04,04,04,04,04,04,04,04,04,04,04,04,04,04,04,04,04,04,04,04,04,04,04,04,04,04,04,04,04,04,04,04,04,04,04,04,04,04,04,04,04,04,04,04,04,04,04,04,04,04,04,04,04,04,04,04,04,04,04,04,04,04,04,04,04,04,04,04,04,04,04,04,04,04,04,04,04,04,04,04,04,04,04,04,04,04,04,04,04,04,04,04,04,04,04,04,04,04,04,04,04,04,04,04,04,04,04,04,04,04,04,04,04,04,04,04,04,04,04,04,04,04,04,04,
